alpha2, tau1, tau2
462.81061269,0.16335177,0.02356643
