alpha, tau, L
1199.95565585,0.37003819,0.00000001
