alpha2, tau1, tau2
467.83363431,0.18141684,0.02725873
