alpha2, tau1, tau2
1.03333189,31.12320989,0.55496006
