alpha, tau
1.04814914,32.20348219
